"ADMIN1_NAME","ADMIN1_CODE","ADMIN2_NAME","ADMIN2_CODE","IU_NAME","IU_ID","Location","Longitude","Latitude","Georeliability","Year","HK_examined","HK_positive","Asc_examined","Asc_positive","TT_examined","TT_positive","altitude","riv_dist","fric_w","fric_m","travel_w","travel_m"
"Oromiya","1949","E. Harerge","3143","Gursum (Oromia)","18889","Abadir","42.396940000000001","9.3010169000000005",1,"2009","91.0",9,"91.0",4,"91.0",0,1662.18233411479,1.83934040280304,0.0120000001043081,0.00113207544200122,29.2239841844602,2.8371222629394
"Oromiya","1948","W. Harerge","3189","Mieso","18966","Abaye Deneba Village","40.489674000000001","9.1450005000000001",3,"2008","0.0",0,"491.0",41,"491.0",46,1355.66015569991,5.97616670092369,0.0120000001043081,0.00113207544200122,86.6817785057696,6.30441044676649
"Oromiya","1948","Borena","3135","Dugda Dawa","18845","Abdi Boru","38.267100999999997","5.3957499999999996",3,"2009","107.0",17,"107.0",9,"107.0",7,1644.78363523676,12.6520570770048,0.0120000001043081,0.00097990583908239,126.201676108432,17.3031258420224
"Oromiya","1948","E. Shewa","3144","Adama Tulu Jido Kombolcha","18747","Abine Germama","38.681099000000003","7.9926399999999997",3,"2009","107.0",1,"107.0",1,"107.0",4,1677.48339735415,12.5390179414878,0.0135806461270033,0.00442158994605631,73.1956713406392,8.45009412166994
"Amhara","1943","N. Gonder","3171","Gonder City Adm.","18602","Achera","38.415000999999997","11.718999999999999",3,"1995","63.0",11,"63.0",37,"63.0",12,3178.94820423715,4.61476504954356,0.0329208522228549,0.0324889632982571,86.957356191551,22.8980444449956
"Oromiya","1948","Illu Aba Bora","3155","Alge Sachi","18756","Adare","35.750701999999997","8.5789203999999994",3,"2009","78.0",33,"78.0",31,"78.0",5,1825.74768245947,1.79122001751399,0.0131964268609603,0.00475564668027718,93.3937607101315,10.3739838685988
"Amhara","1943","N. Gonder","3171","Gonder City Adm.","18602","Adarkay","38.063000000000002","13.451000000000001",3,"1995","114.0",23,"114.0",49,"114.0",2,1507.19302651422,5.10054449244618,0.016665233759561,0.00978224322537089,20.0339456022105,5.81775265292816
"Amhara","1943","N. Gonder","3171","Gonder City Adm.","18602","Addis Zemen Junior","37.782001999999999","12.116",3,"1995","115.0",19,"115.0",57,"115.0",0,1992.03297848378,0.0272470060045857,0.0120000001043081,0.00112081520397858,22.7307819927783,1.68589291095286
"Amhara","1943","N. Gonder","3171","Gonder City Adm.","18602","Adi Arkay","38.064999","13.449999999999999",3,"null","120.0",47,"0.0",0,"0.0",0,1507.19302651422,5.15237050161016,0.016665233759561,0.00978224322537089,20.0339456022105,5.81775265292816
"Amhara","1943","N. Gonder","3171","Addi Arekay","18533","Adi Arkay","38.064999","13.449999999999999",3,"0","120.0",47,"0.0",0,"0.0",0,1507.19302651422,5.15237050161016,0.016665233759561,0.00978224322537089,20.0339456022105,5.81775265292816
"Oromiya","1948","Illu Aba Bora","3155","Bilo Nopha","18787","Adis Alem","38.4060986","9.0465616999999998",1,"2009","101.0",55,"101.0",36,"101.0",4,2355.55487935729,0.510212535677823,0.0120000001043081,0.00111925934365313,79.0160920912683,6.92839845024785
"Oromiya","1948","Bale","3132","Ginir","18869","Aebisa","40.648997999999999","7.1657099999999998",3,"2009","98.0",1,"98.0",0,"98.0",0,1999.14375740154,5.51770347022708,0.0126664461196528,0.00374260748768973,109.263033860159,11.0175775287987
"Oromiya","1948","West Arsi","3689","Shala","19002","Albula Geta","38.313599000000004","7.3650998999999997",3,"2009","105.0",10,"105.0",12,"105.0",5,1804.40078633376,9.42330521414599,0.0120000001043081,0.00113207544200122,37.9155391081589,3.62248818190807
"Oromiya","1948","Kelem Wellega","3164","Gidami","18867","Alchaya Jilo","34.646900000000002","8.9694594999999993",3,"2009","99.0",5,"99.0",38,"99.0",7,1786.13715555476,6.41677443080829,0.0120000001043081,0.00107142853084952,66.5425589882092,12.4741731542326
"Amhara","1943","S. Gonder","3178","West Esite","18537","Amanuel","37.561445399999997","10.439304699999999",1,"0","70.0",11,"0.0",0,"0.0",0,2375.92595330596,7.11649457921838,0.0138346938886559,0.00365744597245147,6.94240791940361,1.76282802837052
"Amhara","1943","N. Gonder","3171","Gonder City Adm.","18602","Amanuel","37.948002000000002","11.250999999999999",3,"null","70.0",11,"0.0",0,"0.0",0,2150.77356602779,4.27917352591332,0.0343104089732493,0.0294041101314262,16.2068139674473,13.4567904886082
"Amhara","1943","N. Gonder","3171","Gonder City Adm.","18602","Amed Ber","38.398997999999999","11.384",3,"1995","95.0",31,"95.0",14,"95.0",17,2325.12855194013,2.85665752475641,0.0389738707729119,0.0389738707729119,207.384488484361,77.2079601171254
"Amhara","1943","N. Gonder","3171","Gonder City Adm.","18602","Amora Gedel","37.797001000000002","11.984",3,"1995","85.0",21,"85.0",47,"85.0",17,1825.62986004277,0.271734967987856,0.0258300912992155,0.0238580896229086,179.211351906985,31.8289635553052
"Amhara","1943","S. Gonder","3178","Fogera","18596","Amora Gedel","39.480100700000001","12.150972100000001",1,"1995","85.0",21,"85.0",47,"85.0",17,2180.96530572385,2.69432420907184,0.0167305855366793,0.00837212737811975,15.6554669504062,12.1784733447478
"Oromiya","1948","Illu Aba Bora","3155","Darimu","18815","Anayifa","35.396301000000001","8.6219397000000004",3,"2009","103.0",67,"103.0",22,"103.0",4,1591.60031497344,12.6611104428027,0.0120000001043081,0.00112957550821256,11.8249875761144,1.10391595478429
"Amhara","1943","N. Gonder","3171","Gonder City Adm.","18602","Anbesame","37.633333","11.716666999999999",3,"1995","97.0",23,"97.0",21,"97.0",7,2035.12425548505,0.47346406469451,0.0280278429954356,0.025592823318525,51.6688547155502,22.3990989287983
"Amhara","1943","N. Gonder","3171","Gonder City Adm.","18602","Anbesame","37.633333","11.716666999999999",3,"2015","464.0",68,"0.0",0,"0.0",0,2035.12425548505,0.47346406469451,0.0280278429954356,0.025592823318525,51.6688547155502,22.3990989287983
"Oromiya","1948","E. Wellega","3146","Gida Ayana","18866","Andode Dicho","38.738802700000001","8.8292015999999993",1,"2009","110.0",22,"110.0",6,"110.0",0,2054.61570604284,0.994521121231757,0.012104513062957,0.00134262485747039,29.0738862490967,2.99560332154906
"Oromiya","1948","Arsi","3130","Bele Gesgar","18778","Angetu","39.749001","6.1699999999999999",3,"null","103.0",37,"103.0",69,"103.0",32,1218.77789620219,8.62382116149302,0.0148792328406105,0.0148792328406105,93.1586323402868,13.4315317549166
"Oromiya","1948","Bale","3132","Meda Welabu","18954","Angetu","39.483333000000002","6.3333329999999997",1,"0","103.0",37,"103.0",69,"103.0",32,1718.53977391676,12.3109062694136,0.0532645330057692,0.0532645330057692,422.415926156766,262.582254948965
"Snnp","1950","Gamo Gofa","3148","Arba Minch Town","19118","Arba Minch","37.564109500000001","6.0206054",1,"2015","345.0",3,"345.0",31,"345.0",4,1233.9310078712,1.66190355439586,0.0120000001043081,0.00111404285202083,2.98654643364796,0.244681104161979
"Amhara","1943","N. Gonder","3171","Gonder City Adm.","18602","Atkena","38.165999999999997","11.933999999999999",3,"1995","61.0",5,"61.0",12,"61.0",5,2369.83706504832,7.06422662234041,0.0442516059067059,0.0442516059067059,79.5849272767293,44.1165135819664
"Amhara","1943","N. Gonder","3171","Gonder City Adm.","18602","Awramba and Neighboring Communities","37.583329999999997","11.949999999999999",3,"2010","392.0",44,"392.0",37,"392.0",11,1788,4.28604476323945,0.0246900095390024,0.0246900095390024,116.574899765766,97.284320271091
"Amhara","1943","N. Gonder","3171","Gonder City Adm.","18602","Aykel","37.082000999999998","12.516999999999999",3,"null","54.0",12,"0.0",0,"0.0",0,2028.43290106977,4.07737247628526,0.029967839588653,0.029967839588653,81.079604714349,54.3636893762449
"Amhara","1943","N. Gonder","3171","Gonder City Adm.","18602","Aykel","37.082000999999998","12.516999999999999",3,"null","120.0",45,"120.0",42,"120.0",25,2028.43290106977,4.07737247628526,0.029967839588653,0.029967839588653,81.079604714349,54.3636893762449
"Amhara","1943","N. Gonder","3171","Chilga","18562","Aykel","37.066670000000002","12.550000000000001",1,"0","120.0",45,"120.0",42,"120.0",25,2232.54514563449,6.8622898907287,0.0120000001043081,0.000970039375631042,8.03189957760892,0.613541890325422
"Amhara","1943","N. Gonder","3171","Chilga","18562","Aykel","37.066670000000002","12.550000000000001",1,"0","54.0",12,"0.0",0,"0.0",0,2232.54514563449,6.8622898907287,0.0120000001043081,0.000970039375631042,8.03189957760892,0.613541890325422
"Amhara","1943","N. Gonder","3171","Gonder City Adm.","18602","Azezo","37.430782700000002","12.5586158",1,"1995","117.0",1,"117.0",51,"117.0",0,2070.08590614239,6.26820585435374,0.0120000001043081,0.000750145074511062,80.9309359044979,5.92023752026619
"Oromiya","1948","W. Harerge","3189","Doba","18839","Babile Elementary and Junior Secondary School","42.329871699999998","9.2219852000000007",1,"2001","415.0",28,"415.0",16,"415.0",15,1642.24134896924,3.8848731077303,0.0120000001043081,0.000750000006519258,7.27510877877642,0.486860929725539
"Amhara","1943","Oromiya","3177","Dewa Cheffa","18585","Babile Town","42.329871699999998","9.2219852000000007",1,"2012","644.0",2,"0.0",0,"644.0",1,1642.24134896924,3.8848731077303,0.0120000001043081,0.000750000006519258,7.27510877877642,0.486860929725539
"Amhara","1943","West Gojam","3193","Bahirdar Zuria","18547","Bahir Dar","37.361353299999998","11.5742086",1,"0","100.0",12,"0.0",0,"0.0",0,1815.71763844158,4.51167240261434,0.0120000001043081,0.00117703128712205,35.6360912214302,2.93058637353593
"Oromiya","1948","E. Shewa","3144","Adama Town","18746","Bati Germama","42.044159399999998","9.4201704999999993",1,"2009","102.0",0,"102.0",0,"102.0",0,2046.50905214197,6.40177187426758,0.0120000001043081,0.00108226144022489,39.0309750506734,3.62181633390207
"Oromiya","1948","E. Harerge","3143","Bedeno","18783","Bereket","41.634602000000001","9.1368197999999996",3,"2009","97.0",35,"97.0",6,"97.0",2,2214.95758493787,4.70842986567057,0.0214870148372419,0.0138414823929873,32.2432120040467,8.86006632187908
"Oromiya","1948","Arsi","3130","Ziway Dugda","19040","Beshra Chefa","38.884399000000002","7.9231100000000003",3,"2009","109.0",0,"109.0",0,"109.0",9,1675.27611050753,7.00519848169532,0.0122305459495211,0.00153249630846708,61.0550520306063,11.355752991383
"Amhara","1943","E. Gojam","3142","Enemay","18590","Bichena","38.203176200000001","10.447773700000001",1,"0","100.0",0,"0.0",0,"0.0",0,2528.67266573755,2.67223122992829,0.0120000001043081,0.000798646506628547,7.92268718441064,0.666260601128667
"Oromiya","1948","E. Harerge","3143","Melka Balo","18955","Biftu Oromia","41.251399999999997","9.1805600999999992",3,"2009","83.0",16,"83.0",12,"83.0",1,2437.32409603739,3.19118817430721,0.0130608102712618,0.00236701546513344,123.363639287101,12.2173193048629
"Oromiya","1948","Jimma","3159","Mena (Jimma)","18953","Bilida","36.802891000000002","7.760364",1,"2009","91.0",7,"91.0",23,"91.0",9,1997.27927396716,1.23512906203712,0.0120000001043081,0.000910182744150767,54.0529002594866,3.68616046786681
"Snnp","1950","Gamo Gofa","3148","Mirab Abaya","19219","Birbir","35.501289399999997","7.8611031999999996",1,"1995","159.0",58,"0.0",0,"0.0",0,1704.4243001224,0.196825584619239,0.0515072638619583,0.0515072638619583,171.758913503973,124.931678805127
"Addis Ababa","1941","Region 14","0","Bole","18490","Bole","38.8100855","8.9831137999999999",1,"1991","0.0",0,"84.0",15,"84.0",9,2312.67569569318,4.14276223268234,0.0559049562491117,0.00229182916689862,30.2498797644943,1.4952693699328
"Amhara","1943","West Gojam","3193","Bure (Amhara)","18560","Bure","37.066865200000002","10.7061045",1,"0","148.0",28,"0.0",0,"0.0",0,2096.0784529379,7.78121303276585,0.0120000001043081,0.00110589192704723,12.4473350611591,1.26650089085746
"Oromiya","1948","Arsi","3130","Bele Gesgar","18778","Burkitu","39.896999000000001","7.0010000000000003",3,"null","159.0",89,"159.0",10,"159.0",33,3060.34184697699,3.62009468313274,0.0320238154359191,0.0320238154359191,63.5352865068775,60.3808414476697
"Oromiya","1948","Bale","3132","Goba","18873","Burkitu","39.907002300000002","7.0016990999999997",1,"0","159.0",89,"159.0",10,"159.0",33,2959.94972652587,3.78185180650486,0.0310257530956249,0.0310257530956249,45.8644616206611,40.0175159948216
"Oromiya","1948","W. Shewa","3190","Dendi","18825","Busa","37.216667000000001","7.9666670000000002",1,"1999","0.0",0,"254.0",218,"254.0",225,1943.70734322885,2.02698343372851,0.0241849065183995,0.0241849065183995,57.9242570219196,26.504272160583
"Oromiya","1948","Jimma","3159","Mena (Jimma)","18953","Buture","36.728099999999998","7.7456497999999998",3,"2009","85.0",20,"85.0",17,"85.0",13,2100.67124466123,2.33126433926204,0.0264983045026352,0.0192685780527065,23.3831558792854,9.90248356891914
"Oromiya","1948","Borena","3135","Teltale","19017","Chabi","37.356898999999999","5.1091899999999999",3,"2009","110.0",3,"110.0",5,"110.0",0,1333.53020731815,7.15246159014468,0.0120000001043081,0.00113207544200122,10.3296522893282,0.99844032728002
"Oromiya","1948","Borena","3135","Teltale","19017","Chabi / Falotore","37.356898999999999","5.1091899999999999",3,"2009","110.0",3,"110.0",5,"110.0",0,1333.53020731815,7.15246159014468,0.0120000001043081,0.00113207544200122,10.3296522893282,0.99844032728002
"Oromiya","1948","E. Harerge","3143","Girawa","18888","Chafe Jeneta","41.826000000000001","8.9029503000000005",3,"2009","96.0",35,"96.0",1,"96.0",0,1461.83750708717,2.98765292477516,0.0136101386403576,0.00508253264723903,90.717259870486,17.7696842602804
"Amhara","1943","Awi","3126","Guangua","18607","Chagni","36.5040446","10.956048900000001",1,"0","150.0",44,"0.0",0,"0.0",0,1625.49974945906,1.87017075429829,0.0120000001043081,0.00110571741416168,10.0019707853823,0.939608835725152
"Oromiya","1948","Kelem Wellega","3164","Dale Sadi","18811","Chamo","34.666683900000002","8.6467106999999999",1,"2009","109.0",13,"109.0",47,"109.0",11,1758.74084157909,5.08782668436081,0.0120000001043081,0.00107142853084952,10.7723842308986,0.975224819075472
"Amhara","1943","N. Gonder","3171","Gonder City Adm.","18602","Chandeba","37.049999","12.419",3,"null","105.0",32,"105.0",58,"105.0",16,1986.92373260323,3.69759527327376,0.0217522004931647,0.0217522004931647,49.3665708121009,33.8894724911332
"Amhara","1943","N. Gonder","3171","Chilga","18562","Chandeba","37.049999","12.419",3,"0","105.0",32,"105.0",58,"105.0",16,1986.92373260323,3.69759527327376,0.0217522004931647,0.0217522004931647,49.3665708121009,33.8894724911332
"Snnp","1950","Gamo Gofa","3148","Chencha","19148","Chefe","38.2058155","6.1620447",1,"2012","100.0",1,"100.0",53,"100.0",5,1853.88825168442,0.987719501003079,0.0120000001043081,0.000959175824081776,14.7484363252599,1.08608168875321
"Oromiya","1948","West Wellega","3194","Gimbi","18853","Choli Mikael","35.802700000000002","9.1884297999999998",3,"2009","103.0",45,"103.0",19,"103.0",3,1875.11699846031,3.56273201665598,0.0120000001043081,0.000750000006519258,31.6184177932864,2.38145825106132
"Oromiya","1948","Illu Aba Bora","3155","Badele Zuria","18781","Chora","36.530101999999999","8.4810304999999993",3,"2009","94.0",52,"94.0",24,"94.0",12,1447.1376089301,8.2387255370172,0.0181731647056006,0.0181731647056006,96.8125878324637,58.6916571589976
"Amhara","1943","N. Gonder","3171","Gonder City Adm.","18602","Chuahit","37.264999000000003","12.319000000000001",3,"1995","119.0",39,"119.0",58,"119.0",0,1821.15881712514,2.83200700264144,0.0224038599608895,0.0224038599608895,95.990787432486,26.665977912204
"Amhara","1943","N. Gonder","3171","Gonder City Adm.","18602","Chuwahit","37.264999000000003","12.319000000000001",3,"null","72.0",11,"0.0",0,"0.0",0,1821.15881712514,2.83200700264144,0.0224038599608895,0.0224038599608895,95.990787432486,26.665977912204
"Amhara","1943","N. Gonder","3171","Dembia","18582","Chuwahit","37.264999000000003","12.319000000000001",3,"0","72.0",11,"0.0",0,"0.0",0,1821.15881712514,2.83200700264144,0.0224038599608895,0.0224038599608895,95.990787432486,26.665977912204
"Oromiya","1948","Bale","3132","Rayitu","18985","Dadecha Farda","41.155898999999998","6.7541698999999999",3,"2009","65.0",0,"65.0",1,"65.0",0,1053.44595756892,6.49302885756788,0.0120000001043081,0.00125130956410269,92.9107813845208,17.065007748368
"Oromiya","1948","Guji","3151","Wadera","19027","Dande","39.108398000000001","5.9359298000000003",3,"2009","104.0",46,"104.0",6,"104.0",3,1918.67591155374,0.206809790487302,0.0174076876233118,0.0114040590501205,142.733656356444,20.3672361829814
"Amhara","1943","Awi","3126","Dangila","18567","Dangla","36.841174700000003","11.257149200000001",1,"0","150.0",33,"0.0",0,"0.0",0,2117.01464413445,3.63996246754489,0.0120000001043081,0.000801430458204928,8.35686279288143,0.632513999387416
"Oromiya","1948","Guji","3151","Wadera","19027","Danide","39.108398000000001","5.9359298000000003",3,"2009","106.0",48,"106.0",5,"106.0",3,1918.67591155374,0.206809790487302,0.0174076876233118,0.0114040590501205,142.733656356444,20.3672361829814
"Oromiya","1948","West Wellega","3194","Mana Sibu","18949","Darge Tobera","35.084000000000003","9.6416100999999994",3,"2009","108.0",48,"108.0",3,"108.0",3,1565.67327478124,6.02183422542989,0.0122161554396966,0.002183347118484,93.7822576306774,15.8753410110307
"Amhara","1943","N. Gonder","3171","Gonder City Adm.","18602","Deb Bahir","37.881999999999998","13.234999999999999",3,"1995","120.0",37,"120.0",62,"120.0",27,1968.44131851629,1.28900428263327,0.0500254454559908,0.0493161294076959,35.7443564212821,23.1091135810916
"Amhara","1943","N. Gonder","3171","Gonder City Adm.","18602","Debark","37.898997999999999","13.159000000000001",3,"null","100.0",6,"0.0",0,"0.0",0,2867.9112145044,1.05316688214473,0.0120000001043081,0.00085959556518867,37.4218286041464,2.43788319471415
"Amhara","1943","N. Gonder","3171","Debark","18571","Debark","37.8989689","13.150941400000001",1,"0","100.0",6,"0.0",0,"0.0",0,2843.60348056465,1.56722082600309,0.0120000001043081,0.00087127285972898,26.5702619566432,1.77852613484801
"Amhara","1943","N. Gonder","3171","Gonder City Adm.","18602","Deguma","37.712798999999997","12.462199999999999",3,"1995","70.0",12,"70.0",26,"70.0",11,2059.32174277778,3.28769877996991,0.0299287742443681,0.0264271854267931,16.6338214841141,13.672865761709
"Oromiya","1948","W. Harerge","3189","Mieso","18966","Demba Girara Kebele","40.489674000000001","9.1450005000000001",3,"2014","384.0",53,"384.0",37,"384.0",18,1355.66015569991,5.97616670092369,0.0120000001043081,0.00113207544200122,86.6817785057696,6.30441044676649
"Amhara","1943","West Gojam","3193","Dembecha","18581","Dembecha","37.494810999999999","10.562715499999999",1,"0","100.0",16,"0.0",0,"0.0",0,2088.21732150761,0.38574675952377,0.0120000001043081,0.00076804090191624,19.413383446339,1.25755251001406
"Oromiya","1948","Bale","3132","Rayitu","18985","Dhedecha Ferde","41.155898999999998","6.7541698999999999",3,"2009","64.0",0,"64.0",1,"64.0",0,1053.44595756892,6.49302885756788,0.0120000001043081,0.00125130956410269,92.9107813845208,17.065007748368
"Amhara","1943","N. Gonder","3171","Gonder City Adm.","18602","Dib Ber","37.882998999999998","13.234999999999999",3,"null","70.0",15,"0.0",0,"0.0",0,1968.44131851629,1.39802416370534,0.0500254454559908,0.0493161294076959,35.7443564212821,23.1091135810916
"Amhara","1943","N. Gonder","3171","Debark","18571","Dib Ber","37.882998999999998","13.234999999999999",3,"0","70.0",15,"0.0",0,"0.0",0,1968.44131851629,1.39802416370534,0.0500254454559908,0.0493161294076959,35.7443564212821,23.1091135810916
"Oromiya","1948","Borena","3135","Yabelo","19035","Dida Yabello","38.100162900000001","4.8949752999999996",2,"2009","106.0",3,"106.0",1,"106.0",0,1716.03162903805,11.4500743187548,0.0120000001043081,0.00109182644299089,14.7741284134977,1.36933652166178
"Oromiya","1948","Borena","3135","Yabelo","19035","Dida Yabelo","38.25","5.0700002",3,"2009","106.0",3,"106.0",1,"106.0",0,1611.79251171909,6.90805945306788,0.0121417159269678,0.00141906906978072,122.055618283864,15.4369855317422
"Oromiya","1948","E. Harerge","3143","Golo Oda","18876","Dima Jeneta","41.529400000000003","8.8262099999999997",3,"2009","88.0",53,"88.0",0,"88.0",0,1583.99549081957,4.11229553578265,0.0120000001043081,0.00150000001303852,40.7312961351759,3.41721635882881
"Dir Dawa","1945","Dire Dawa","3141","Dire Dawa","18707","Dire Dawa","41.869999","9.5909999999999993",3,"1986","99.0",0,"99.0",12,"99.0",11,1221.69660144515,1.76583255977636,0.0120000001043081,0.00100463791106805,9.61027957249437,0.896008227386808
"Oromiya","1948","W. Harerge","3189","Doba","18839","Dire Negeha","37.100000000000001","4.983333",1,"2009","104.0",2,"104.0",1,"104.0",0,1345.11470076181,10.5849044329162,0.0134040594398492,0.00418354617536062,379.876883365082,44.9077513432646
"Oromiya","1948","Kelem Wellega","3164","Dale Wabera","18812","Dogano Adami","35.0732","8.8923196999999998",3,"2009","102.0",10,"102.0",17,"102.0",3,1523.56547864685,1.8996291046538,0.0127623538497316,0.00437121167227599,122.428536174946,15.4417002297096
"Oromiya","1948","E. Shewa","3144","Liben Chukala","18939","Dololo Jila","38.902698999999998","8.5766200999999995",3,"2009","106.0",0,"106.0",3,"106.0",0,1735.94401369431,2.00449324549711,0.0148248108042722,0.00544670762369677,50.9925398301545,6.51163126733376
"Oromiya","1948","Bale","3132","Ginir","18869","Ebisa","40.648997999999999","7.1657099999999998",3,"2009","98.0",1,"98.0",0,"98.0",0,1999.14375740154,5.51770347022708,0.0126664461196528,0.00374260748768973,109.263033860159,11.0175775287987
"Oromiya","1948","Arsi","3130","Bele Gesgar","18778","Ela Bidre","39.631999999999998","5.9160000000000004",3,"null","102.0",5,"102.0",0,"102.0",1,1652.74051161394,6.20182988171165,0.0120000001043081,0.000657616408795667,163.696301307885,14.8323502043098
"Oromiya","1948","Bale","3132","Meda Welabu","18954","Ela Bidre","39.631999999999998","5.9159999000000001",3,"0","102.0",5,"102.0",0,"102.0",1,1652.74051161394,6.20182651618738,0.0120000001043081,0.000657616408795667,163.696301307885,14.8323502043098
"Amhara","1943","West Gojam","3193","Jabi Tehnan","18613","Fenote Selam","37.2597576","10.6794457",1,"0","205.0",64,"0.0",0,"0.0",0,1863.52131752338,8.48582249318615,0.012194627812307,0.00155123942136243,7.95153491821875,0.925593072499513
"Oromiya","1948","Horo Guduru","16644","Abay Chomen","18739","Fincha Vally","37.366696400000002","9.5682311999999996",1,"2009","108.0",0,"108.0",1,"108.0",0,2256.85992784449,1.51477457084024,0.0120000001043081,0.000792182960635827,8.51908078552485,0.553844475177759
"Oromiya","1948","Horo Guduru","16644","Jimma Genete","18920","Finchaa Sugar Project - Camp 10","37.425508299999997","9.7863100999999997",1,"1995","104.0",22,"104.0",15,"104.0",6,1431.63789496852,0.409976544911703,0.0160125441023653,0.00911846764003696,87.3679905545939,11.4858696430288
"Oromiya","1948","Horo Guduru","16644","Jimma Genete","18920","Finchaa Sugar Project - Camp 11","37.425508299999997","9.7863100999999997",1,"1995","204.0",35,"204.0",53,"204.0",8,1431.63789496852,0.409976544911703,0.0160125441023653,0.00911846764003696,87.3679905545939,11.4858696430288
"Oromiya","1948","Horo Guduru","16644","Jimma Genete","18920","Finchaa Sugar Project - Camp 12","37.425508299999997","9.7863100999999997",1,"1995","145.0",26,"145.0",44,"145.0",20,1431.63789496852,0.409976544911703,0.0160125441023653,0.00911846764003696,87.3679905545939,11.4858696430288
"Oromiya","1948","Horo Guduru","16644","Jimma Genete","18920","Finchaa Sugar Project - Camp 6","37.425508299999997","9.7863100999999997",1,"1995","44.0",1,"44.0",15,"44.0",1,1431.63789496852,0.409976544911703,0.0160125441023653,0.00911846764003696,87.3679905545939,11.4858696430288
"Oromiya","1948","Horo Guduru","16644","Jimma Genete","18920","Finchaa Sugar Project - Camp 7","37.425508299999997","9.7863100999999997",1,"1995","432.0",143,"432.0",117,"432.0",9,1431.63789496852,0.409976544911703,0.0160125441023653,0.00911846764003696,87.3679905545939,11.4858696430288
"Oromiya","1948","Horo Guduru","16644","Jimma Genete","18920","Finchaa Sugar Project - Camp 8","37.425508299999997","9.7863100999999997",1,"1995","187.0",24,"187.0",43,"187.0",6,1431.63789496852,0.409976544911703,0.0160125441023653,0.00911846764003696,87.3679905545939,11.4858696430288
"Oromiya","1948","Horo Guduru","16644","Jimma Genete","18920","Finchaa Sugar Project - Camp 9","37.425508299999997","9.7863100999999997",1,"1995","200.0",8,"200.0",80,"200.0",4,1431.63789496852,0.409976544911703,0.0160125441023653,0.00911846764003696,87.3679905545939,11.4858696430288
"Oromiya","1948","Jimma","3159","Sekoru","19012","Gangalata","37.379199999999997","7.8775401",3,"2009","65.0",27,"65.0",4,"65.0",3,1800.33125515277,1.82842704091302,0.0146273044517115,0.0087272371918523,19.5647555377569,5.40185455053936
"Snnp","1950","Gamo Gofa","3148","Bonke","19135","Gede-Bonke","37.333302000000003","6.0500002000000004",3,"1993","81.0",13,"81.0",9,"81.0",3,2974.3368454897,8.37171632581994,0.0120000001043081,0.00113207544200122,46.1902194706908,4.39270052170582
"Oromiya","1948","W. Harerge","3189","Tulo (Oromia)","19022","Gemechis","41.113799999999998","9.1351604000000002",3,"2009","97.0",20,"97.0",7,"97.0",0,1978.75872248638,3.74822270870062,0.0419738300743818,0.0380062242823138,39.6227895490498,19.8317271292939
"Amhara","1943","N. Gonder","3171","Gonder City Adm.","18602","Gendewa","37.152000000000001","12.67",3,"1995","113.0",38,"113.0",5,"113.0",14,2165.62181932699,4.43178325379843,0.0239502937593579,0.0202286727867671,159.104417699075,27.0203943573712
"Oromiya","1948","Jimma","3159","Shebe Sambo","19005","Gera","36.396753799999999","7.5325144000000002",1,"0","197.0",37,"197.0",106,"197.0",14,1654.1681083362,2.57750883567563,0.0146966536824477,0.0104022127333588,74.4564047014502,11.5326455461059
"Oromiya","1948","Bale","3132","Mena (Bale)","18823","Gomgoma","39.836201000000003","6.3174701000000004",3,"2009","107.0",15,"107.0",2,"107.0",7,1179.35205197108,8.69838937451775,0.0123039545180801,0.00234664468107859,146.541987363162,8.86739573636172
"Oromiya","1948","Bale","3132","Mena (Bale)","18823","Gongoma","37.905666500000002","14.7788638",1,"2009","107.0",15,"107.0",2,"107.0",7,1010.35398023755,2.95825628973574,0.0155385391306716,0.00961122227301465,176.603629082478,36.8877957635715
"Oromiya","1948","Bale","3132","Berbere","18785","Gora Badimena","40.244498999999998","6.8402900999999998",3,"2009","106.0",52,"106.0",4,"106.0",17,1303.64403806574,12.644973648813,0.015859756614698,0.015859756614698,90.8599013332182,47.2442366367666
"Oromiya","1948","Bale","3132","Berbere","18785","Gora Badimena","40.244498999999998","6.8402900999999998",3,"2009","107.0",52,"107.0",4,"107.0",17,1303.64403806574,12.644973648813,0.015859756614698,0.015859756614698,90.8599013332182,47.2442366367666
"Oromiya","1948","Guji","3151","Liben","18945","Gorbicha","39.565497999999998","5.3181900999999998",3,"2009","106.0",4,"106.0",4,"106.0",4,1455.67412351451,6.86466784456343,0.0120000001043081,0.00113207544200122,14.5526446709819,1.39031836968944
"Oromiya","1948","Guji","3151","Liben","18945","Gorbicha","39.565497999999998","5.3181900999999998",3,"2009","95.0",4,"95.0",3,"95.0",2,1455.67412351451,6.86466784456343,0.0120000001043081,0.00113207544200122,14.5526446709819,1.39031836968944
"Amhara","1943","N. Gonder","3171","Gonder City Adm.","18602","Gorgora","37.300998999999997","12.234",3,"null","100.0",8,"0.0",0,"0.0",0,1823.98329954988,3.1824154857206,0.0267909772986171,0.0188891529124373,31.6342302669463,10.4298125917724
"Amhara","1943","N. Gonder","3171","Gonder City Adm.","18602","Gorgora","37.300998999999997","12.234",3,"1995","120.0",33,"120.0",85,"120.0",32,1823.98329954988,3.1824154857206,0.0267909772986171,0.0188891529124373,31.6342302669463,10.4298125917724
"Amhara","1943","N. Gonder","3171","Dembia","18582","Gorgora","37.294530299999998","12.238523000000001",1,"0","100.0",8,"0.0",0,"0.0",0,1855.41548908546,2.98717910719754,0.0120000001043081,0.00112621075352167,12.3353256966899,1.20218504752145
"Amhara","1943","N. Gonder","3171","Gonder City Adm.","18602","Gorgora and Chuahit","37.294530000000002","12.238523000000001",3,"2012","261.0",13,"261.0",104,"261.0",16,1855.41548908546,2.98719224583525,0.0120000001043081,0.00112621075352167,12.3353256966899,1.20218504752145
"Amhara","1943","N. Gonder","3171","Gonder City Adm.","18602","Gossaye","37.082000999999998","12.500999999999999",3,"null","64.0",2,"0.0",0,"0.0",0,1991.43607364902,3.50007105167148,0.0275785118376307,0.0275785118376307,108.648021719677,67.0953783063901
"Amhara","1943","N. Gonder","3171","Chilga","18562","Gossaye","37.082000999999998","12.500999999999999",3,"0","64.0",2,"0.0",0,"0.0",0,1991.43607364902,3.50007105167148,0.0275785118376307,0.0275785118376307,108.648021719677,67.0953783063901
"Oromiya","1948","W. Harerge","3189","Daro Lebu","18816","Gudis","40.420399000000003","8.5640801999999994",3,"2009","110.0",58,"110.0",1,"110.0",0,1682.24365687221,5.46086183674073,0.0133236154244507,0.0031161160918248,42.6817175449776,14.0475144618998
"Amhara","1943","N. Gonder","3171","Gonder City Adm.","18602","Guramba","37.365001999999997","12.368",3,"1995","94.0",26,"94.0",28,"94.0",9,1796.91983512539,0.633221740041929,0.0287409628944052,0.0287409628944052,63.5820503574924,45.2662305746265
"Oromiya","1948","S.w. Shewa","3181","Goro (SW Shewa)","19332","Guru Baka","37.955601000000001","8.4753599000000008",3,"2009","97.0",56,"97.0",1,"97.0",0,1935.277386463,1.97591793196445,0.0120000001043081,0.00108937097778302,82.2489244166031,7.99351693102263
"Amhara","1943","N. Gonder","3171","Gonder City Adm.","18602","Hamusit","37.566001999999997","11.782999999999999",3,"1995","120.0",40,"120.0",61,"120.0",24,1946.87677220996,5.2272425540625,0.0120000001043081,0.000972729408713928,8.40302537107634,0.715339895163584
"Oromiya","1948","Guji","3151","Wadera","19027","Handoya Haro","39.327598999999999","5.8360300000000001",3,"2009","105.0",61,"105.0",1,"105.0",0,1850.32974183161,4.65959050454841,0.014110723668827,0.00530767765729788,72.1211497516327,8.80360974094306
"Oromiya","1948","Guji","3151","Wadera","19027","Handuula Haro","39.327598999999999","5.8360300000000001",3,"2009","105.0",61,"105.0",1,"105.0",0,1850.32974183161,4.65959050454841,0.014110723668827,0.00530767765729788,72.1211497516327,8.80360974094306
"Oromiya","1948","Bale","3132","Rayitu","18985","Hara Dube","41.229697999999999","6.8855399999999998",3,"2009","97.0",1,"97.0",1,"97.0",0,1146.13156633916,8.86118522287862,0.0128942000706983,0.0043448903930636,251.429772012578,36.0219006383578
"Oromiya","1948","Bale","3132","Ginir","18869","Harawa-3","40.703999000000003","7.3081798999999998",3,"2009","103.0",1,"103.0",1,"103.0",0,1930.16845738927,9.31898536532051,0.0146256227413925,0.00669642698327882,92.4891333619323,9.85659795710503
"Oromiya","1948","Bale","3132","Ginir","18869","Harawa 3","40.703999000000003","7.3081798999999998",3,"2009","103.0",1,"103.0",1,"103.0",0,1930.16845738927,9.31898536532051,0.0146256227413925,0.00669642698327882,92.4891333619323,9.85659795710503
"Oromiya","1948","Bale","3132","Rayitu","18985","Hare Dube","41.402114500000003","9.4600194999999996",2,"2009","97.0",1,"97.0",1,"97.0",0,1728.36663477936,3.82548714523094,0.0120000001043081,0.00113207544200122,81.1149614254467,7.83171075751559
"Oromiya","1948","West Wellega","3194","Haru","18892","Haro Choroka","35.819800999999998","8.8835000999999991",3,"2009","109.0",36,"109.0",25,"109.0",0,1977.04486374961,1.13594545041568,0.0129153352179455,0.00390706266251495,71.0008075659331,5.33733050663526
"Oromiya","1948","Kelem Wellega","3164","Hawa Galan","18903","Haro Mechara","40.334382699999999","8.6018033999999997",2,"2009","108.0",8,"108.0",36,"108.0",6,1705.64959410104,3.8070994249341,0.0124992501881186,0.00171065368202732,38.8855955944259,3.56342811492086
"Oromiya","1948","Borena","3135","Teltale","19017","Hatuse","37.396000000000001","5.1469997999999997",3,"2009","101.0",1,"101.0",4,"101.0",0,1175.69567482072,2.15225864365164,0.0275777276604523,0.0244146520161293,102.661985288159,22.0534221941674
"Oromiya","1948","Borena","3135","Teltale","19017","Hatuse","37.396000000000001","5.1469997999999997",3,"2009","106.0",1,"106.0",4,"106.0",0,1175.69567482072,2.15225864365164,0.0275777276604523,0.0244146520161293,102.661985288159,22.0534221941674
"Oromiya","1948","W. Shewa","3190","Dano","18814","Humuru Korke","37.345100000000002","8.8988399999999999",3,"2009","104.0",78,"104.0",12,"104.0",6,1702.27066034327,7.10623675993477,0.0120000001043081,0.00107142853084952,67.8809985907631,5.5667491084297
"Oromiya","1949","E. Harerge","3143","Babile","18775","Ifa","39.828949999999999","9.2219852000000007",1,"2009","106.0",2,"106.0",1,"106.0",0,1511.48991236825,8.12788386507023,0.0366267701515193,0.0366267701515193,214.704389663797,208.211165438256
"Amhara","1943","N. Gonder","3171","Gonder City Adm.","18602","Infraz","37.498001000000002","12.685",3,"null","50.0",5,"0.0",0,"0.0",0,2479.89046218329,3.70923782043882,0.0267089624087867,0.0210267793187802,117.39024897003,16.9206606206534
"Amhara","1943","N. Gonder","3171","Gonder Zuria","18603","Infraz","37.498001000000002","12.685",3,"0","50.0",5,"0.0",0,"0.0",0,2479.89046218329,3.70923782043882,0.0267089624087867,0.0210267793187802,117.39024897003,16.9206606206534
"Oromiya","1948","Illu Aba Bora","3155","Becho (Ilu Aba Bora)","18773","Jafati Sedo","35.654201999999998","8.2087602999999998",3,"2009","96.0",33,"96.0",5,"96.0",2,1753.36135917782,2.71628063485313,0.0152595918612159,0.014491134138707,61.2144934145417,13.2686217175011
"Oromiya","1948","E. Wellega","3146","Guto Gida","18890","Jarreo Tolera","36.569198999999998","9.2721204999999998",3,"2009","109.0",51,"109.0",7,"109.0",4,1440.95695544303,0.269439879333747,0.0123850983848649,0.00291005508767773,7.18381101622309,1.57046255824882
"Oromiya","1948","E. Shewa","3144","Adama Tulu Jido Kombolcha","18747","Jela Aluto","38.688599000000004","7.7632599000000004",3,"2009","105.0",1,"105.0",4,"105.0",3,1648.85786954474,2.33411324432097,0.0135111735437256,0.0042487810754693,82.0755174540518,9.05878013087
"Oromiya","1948","Kelem Wellega","3164","Jimma Horo","18921","Jimma Tibe","34.794800000000002","8.9661302999999997",3,"2009","110.0",7,"110.0",18,"110.0",10,1713.62623574469,5.90443594560102,0.0188367418930727,0.0184646741960608,60.0985086036661,15.4924354513696
"Oromiya","1948","Jimma","3159","Kersa (Jimma)","18928","Jimma Town","36.835792699999999","7.6738907999999997",1,"2013","622.0",34,"622.0",126,"622.0",242,1722.5623712737,5.3671971396266,0.0120000001043081,0.000983789563187171,19.4636214554295,1.60644693408984
"Oromiya","1948","Jimma","3159","Kersa (Jimma)","18928","Jimma Town","36.835792699999999","7.6738907999999997",1,"2013","133.80000000000001",76,"134.40000000000001",25,"134.09999999999999",33,1722.5623712737,5.3671971396266,0.0120000001043081,0.000983789563187171,19.4636214554295,1.60644693408984
"Oromiya","1948","E. Harerge","3143","Goro Gutu","18881","Jiru Ifa","41.252800000000001","9.4227694999999994",3,"2009","78.0",1,"78.0",1,"78.0",0,1720.1911038072,4.09822488924018,0.0313259215397994,0.0313259215397994,67.0521743099381,20.1190876288984
"Oromiya","1948","West Wellega","3194","Gimbi","18853","Jogir","36.021000000000001","9.0326900000000006",3,"2009","111.0",15,"111.0",12,"111.0",1,1280.37209107905,3.10806182440601,0.012011230473746,0.000775106088855838,14.8223701708361,9.69816512470462
"Oromiya","1948","West Wellega","3194","Guliso","18857","Kata Aba Korma","35.417301000000002","9.1255102000000008",3,"2009","103.0",32,"103.0",7,"103.0",2,1547.07739176712,6.3448011579742,0.0121390429666257,0.00158622121265223,36.4917645509939,3.52445695971181
"Amhara","1943","N. Wello","3173","Meket","18634","Kebele 16","39.150002000000001","11.800000000000001",3,"1995","120.0",11,"120.0",33,"120.0",15,3204.61643710788,3.31406124139477,0.0278637417488298,0.0278637417488298,84.1878957904985,81.5380751502599
"Addis Ababa","1941","Region 14","0","Lideta","18494","Kechene","38.751216900000003","9.0545601999999992",1,"1991","0.0",0,"84.0",57,"84.0",37,2530.45578016234,1.3193251657928,0.0120000001043081,0.000722084672742129,0,0
"Amhara","1943","S. Wello","3180","Kelela","18619","Kemissie","39.873340900000002","10.7242788",1,"2010","0.0",0,"345.0",50,"345.0",13,1469.59892942589,6.13306894677605,0.0120000001043081,0.00107142853084952,30.0883604122273,2.24146753010031
"Oromiya","1948","W. Harerge","3189","Doba","18839","Kencha Wadesa","41.004902000000001","9.1872702000000004",3,"2009","95.0",4,"95.0",1,"95.0",0,1859.07818658656,10.271408983799,0.01672891064849,0.00821593943643766,52.1093591377757,15.7853095704676
"Oromiya","1948","Jimma","3159","Mena (Jimma)","18953","Kentery","36.797297999999998","7.8636298",3,"2009","83.0",18,"83.0",19,"83.0",12,1718.42168344321,1.78617623600615,0.0174615285375758,0.00823450858185643,18.0917773729561,4.3442462437121
"Oromiya","1948","West Arsi","3689","Shala","19002","Keransa Kubi","38.482300000000002","7.3303799999999999",3,"2009","103.0",30,"103.0",16,"103.0",23,1675.95626436425,7.3883063922089,0.0121974744851555,0.00154376142451282,102.371473038984,10.2079698786576
"Oromiya","1948","West Arsi","3689","Arsi Negele Town","18766","Kersa Gera","38.635300000000001","7.3525299999999998",3,"2009","108.0",24,"108.0",8,"108.0",6,1804.0484708881,14.7094276841576,0.0120000001043081,0.00184266845349492,56.029387127342,6.06804771154877
"Oromiya","1948","Guji","3151","Adola","18750","Kiltu Sorsa","39.017502","5.9244699000000001",3,"2009","109.0",39,"109.0",12,"109.0",3,1786.494189926,9.76219705619008,0.0191852135749996,0.0191852135749996,82.1423959538983,22.2590034385118
"Oromiya","1948","Guji","3151","Adola","18750","Kiltu Sorsa","39.017502","5.9244699000000001",3,"2009","107.0",38,"107.0",11,"107.0",3,1786.494189926,9.76219705619008,0.0191852135749996,0.0191852135749996,82.1423959538983,22.2590034385118
"Amhara","1943","N. Gonder","3171","Gonder City Adm.","18602","Kimer Dingaye","38.215000000000003","11.817",3,"null","50.0",0,"0.0",0,"0.0",0,2950.63457680511,3.20846553666659,0.0120000001043081,0.00111386500713641,17.0468443042154,1.40516998262002
"Amhara","1943","S. Gonder","3178","Farta","18594","Kimer Dingaye","38.215000000000003","11.817",3,"0","50.0",0,"0.0",0,"0.0",0,2950.63457680511,3.20846553666659,0.0120000001043081,0.00111386500713641,17.0468443042154,1.40516998262002
"Oromiya","1948","Jimma","3159","Kersa (Jimma)","18928","Kitimbile","37.027599000000002","7.7081900000000001",3,"2009","83.0",38,"83.0",13,"83.0",7,1755.08416404535,2.97141486897636,0.0120000001043081,0.00121949653750889,74.728665548918,7.54659314637956
"Oromiya","1948","West Wellega","3194","Begi","18774","Kobor Chandi","34.558399000000001","9.4807301000000006",3,"2009","107.0",21,"107.0",23,"107.0",1,1547.73389786597,4.42774376238493,0.0120000001043081,0.00130343021824912,98.9993378628218,10.7320482132083
"Amhara","1943","N. Gonder","3171","Gonder City Adm.","18602","Koladeba","37.316001999999997","12.419",3,"1995","117.0",13,"117.0",63,"117.0",37,1823.62241641123,1.21541974615033,0.0120000001043081,0.000801453144395175,10.6308397465839,0.664002146661197
"Amhara","1943","N. Gonder","3171","Gonder City Adm.","18602","Koladiba","37.316001999999997","12.419",3,"null","77.0",5,"0.0",0,"0.0",0,1823.62241641123,1.21541974615033,0.0120000001043081,0.000801453144395175,10.6308397465839,0.664002146661197
"Amhara","1943","N. Gonder","3171","Dembia","18582","Koladiba","37.323940100000002","12.4226943",1,"0","77.0",5,"0.0",0,"0.0",0,1834.90557518992,0.29556189726895,0.0120000001043081,0.000752041048073633,7.23849381402169,0.455345778571559
"Amhara","1943","S. Wello","3180","Kalu","18618","Kombolcha","39.7291837","11.084933599999999",1,"1996","105.0",0,"105.0",40,"105.0",11,1827.02062774446,0.0163976414826479,0.0120000001043081,0.000940945731687007,16.6114238933499,1.20621166240493
"Amhara","1943","N. Gonder","3171","Gonder City Adm.","18602","Kossoye","37.082000999999998","12.500999999999999",3,"null","61.0",0,"0.0",0,"0.0",0,1991.43607364902,3.50007105167148,0.0275785118376307,0.0275785118376307,108.648021719677,67.0953783063901
"Amhara","1943","N. Gonder","3171","Chilga","18562","Kossoye","37.082000999999998","12.500999999999999",3,"0","61.0",0,"0.0",0,"0.0",0,1991.43607364902,3.50007105167148,0.0275785118376307,0.0275785118376307,108.648021719677,67.0953783063901
"Oromiya","1948","West Arsi","3689","Arsi Negele Town","18766","Langano","38.757760500000003","7.5931759000000003",1,"2003","89.0",46,"89.0",2,"89.0",6,1583.69850846742,8.02132451868931,0.0599999986588955,0.00600000005215406,451.697955608332,47.1391581944949
"Oromiya","1948","W. Harerge","3189","Kuni","18981","Legelaftu","40.831699","8.9246701999999996",3,"2009","110.0",56,"110.0",0,"110.0",0,1838.63281020222,0.788899231700832,0.0149489777095765,0.00949064647492051,56.0618601482412,7.97977483070387
"Oromiya","1948","W. Harerge","3189","Mesela","18958","Lubu Dekeba","41.145598999999997","9.0750598999999994",3,"2009","100.0",43,"100.0",5,"100.0",0,2196.08755932971,3.33804118861726,0.0124386120900939,0.00202129135615675,27.7707942838596,2.98273304851003
"Amhara","1943","N. Gonder","3171","Gonder City Adm.","18602","Mahedere Mariam","37.914000999999999","11.721",3,"1995","90.0",18,"90.0",34,"90.0",18,2293.11656703712,3.22929963455669,0.0268822883248246,0.0263867759619186,30.7448741057148,13.9914161207809
"Amhara","1943","N. Gonder","3171","Gonder City Adm.","18602","Makisegnit","37.548000000000002","12.382999999999999",3,"null","48.0",1,"0.0",0,"0.0",0,1913.92328331862,0.160783662880402,0.0128954981803945,0.00229442130922425,17.8106217474193,2.05640436083167
"Amhara","1943","N. Gonder","3171","Gonder Zuria","18603","Makisegnit","37.553393499999999","12.3852364",1,"0","48.0",1,"0.0",0,"0.0",0,1916.27965394634,0.127945174203697,0.0169330328358465,0.00873960169733694,16.5415751666788,4.74773617586193
"Amhara","1943","North Shoa","26086","Hagere Mariam","18611","Meda","39.380001","9.0860003999999996",3,"0","62.0",1,"62.0",1,"62.0",0,1945.70338574996,3.26530297033563,0.0551942016912581,0.0551942016912581,301.078628056068,133.475951001053
"Oromiya","1948","Borena","3135","Dire","18837","Megado","38.221297999999997","3.8966400999999999",3,"2009","106.0",0,"106.0",0,"106.0",0,952.059520433623,9.51973456377027,0.0132426728411122,0.00336687972275196,7.74569607629791,1.74926091699527
"Amhara","1943","S. Wello","3180","Wegde","18682","Mekaneselam","38.760377800000001","10.7512414",1,"1996","188.0",7,"188.0",18,"188.0",5,2602.3981073573,2.39718366102078,0.0122385452730559,0.000970930345173949,19.543421851344,1.50463463596537
"Oromiya","1948","Bale","3132","Mena (Bale)","18823","Melka Amana","39.789200000000001","6.2461200000000003",3,"2009","105.0",10,"105.0",6,"105.0",8,1052.50458672169,0.926927018661851,0.0121889943033786,0.00169855265236113,32.2190559071059,2.23676159283719
"Oromiya","1948","Bale","3132","Mena (Bale)","18823","Melka Amana","39.789200000000001","6.2461200000000003",3,"2009","107.0",10,"107.0",6,"107.0",9,1052.50458672169,0.926927018661851,0.0121889943033786,0.00169855265236113,32.2190559071059,2.23676159283719
"Oromiya","1948","Arsi","3130","Bele Gesgar","18778","Mena","39.848998999999999","6.4169999999999998",3,"null","199.0",58,"199.0",22,"199.0",28,1249.12975420701,1.26651695379362,0.0120000001043081,0.000910694584285474,127.230812904127,9.17687333717428
"Oromiya","1948","Bale","3132","Mena (Bale)","18823","Mena","39.848998999999999","6.4169998000000001",3,"0","199.0",58,"199.0",22,"199.0",28,1249.12975420701,1.26653037188435,0.0120000001043081,0.000910694584285474,127.230812904127,9.17687333717428
"Oromiya","1948","Finfine Zuriya","16645","Welmera","19031","Menegesha-Kolobo","38.5662162","9.0539314999999991",1,"1991","0.0",0,"87.0",51,"87.0",35,2547.10455390994,0.889805251490206,0.0120000001043081,0.000926771359568459,66.9049699660424,5.37871065821628
"Amhara","1943","West Gojam","3193","Mecha","18633","Merawi","37.155338299999997","11.4129784",1,"0","150.0",35,"0.0",0,"0.0",0,2002.75096358749,0.0523874291223406,0.0120000001043081,0.000937500666125353,6.89740736619971,0.536122313016185
"Amhara","1943","N. Gonder","3171","Gonder City Adm.","18602","Meseret Elementary School","37.456944","12.619999999999999",3,"0","100.0",6,"100.0",10,"100.0",2,2162.63875431081,6.64194354446908,0.0120000001043081,0.000750000006519258,9.91981772411533,0.659136619184699
"Amhara","1943","West Gojam","3193","Bahirdar Zuria","18547","Meshenti","37.283832799999999","11.4745024",1,"2011","63.0",32,"63.0",15,"63.0",3,1963.73035801913,5.74282933588854,0.0181122640725661,0.0107379637281376,27.3396355155621,9.17291068483102
"Oromiya","1948","Borena","3135","Bule Hora","18796","Metokomia Hara","38.186000999999997","5.625",3,"2009","72.0",14,"72.0",13,"72.0",2,1900.49135501663,11.4273852056822,0.0160177865212074,0.00679753015165181,78.3526735402065,9.4250540886379
"Oromiya","1948","Borena","3135","Bule Hora","18796","Metokonya Hora","38.139999000000003","5.5999999000000003",3,"2009","110.0",20,"110.0",17,"110.0",4,1878.0401381243,12.4456004970433,0.0199702139527886,0.0169841456077969,148.215708333744,20.4782591952623
"Oromiya","1948","W. Harerge","3189","Kuni","18981","Midhagdu","40.784801000000002","8.8761501000000003",3,"2009","91.0",27,"91.0",1,"91.0",0,1763.39496617865,0.45669107117252,0.0230995767221467,0.016687443464843,40.1563205367384,10.4748666434906
"Amhara","1943","E. Gojam","3142","Hulet Ej Enese","18609","Mota","37.877756099999999","11.0785015",1,"0","100.0",4,"0.0",0,"0.0",0,2424.0582747413,4.42544422368288,0.0120000001043081,0.000690395645547891,10.3383894134665,0.789717374019332
"Oromiya","1948","E. Harerge","3143","Deder","18818","Mumicho","41.497601000000003","9.1426601000000005",3,"2009","81.0",32,"81.0",0,"81.0",0,2147.93034866995,3.99672622336595,0.0167815305307848,0.0101219360921983,55.108759660084,10.1765947475179
"Oromiya","1948","Borena","3135","Bule Hora","18796","Mure Turkuma","38.263100000000001","5.7117399999999998",3,"2009","106.0",0,"106.0",28,"106.0",1,1954.25925220286,4.50866986197479,0.0146231408873008,0.00607279397989054,98.0475913161515,8.59271696640747
"Oromiya","1948","Borena","3135","Bule Hora","18796","Muri Turkuma","38.263100000000001","5.7114700999999997",3,"2009","106.0",0,"106.0",28,"106.0",1,1954.25925220286,4.53346124739369,0.0144886195731175,0.0060697755405732,87.009128412206,7.910988893316
"Amhara","1943","N. Gonder","3171","Gonder City Adm.","18602","Nefas Mewcha","38.465000000000003","11.734999999999999",3,"null","61.0",0,"0.0",0,"0.0",0,3046.44223428376,3.22072262480444,0.0120000001043081,0.000834561113693006,60.7184028514582,7.97053173808896
"Amhara","1943","N. Gonder","3171","Gonder City Adm.","18602","Nefas Mewcha","38.465000000000003","11.734999999999999",3,"1995","116.0",0,"116.0",10,"116.0",0,3046.44223428376,3.22072262480444,0.0120000001043081,0.000834561113693006,60.7184028514582,7.97053173808896
"Amhara","1943","S. Gonder","3178","Lay Gayint","18628","Nefas Mewcha","38.469221099999999","11.738076599999999",1,"0","61.0",0,"0.0",0,"0.0",0,3046.44223428376,3.39598522165425,0.0120000001043081,0.000873827175649378,59.5097139655096,8.9654422515915
"Oromiya","1948","West Wellega","3194","Yubdo","19034","Nono Gino","35.344501000000001","8.9456700999999992",3,"2009","101.0",24,"101.0",36,"101.0",4,1674.92313166456,10.2303038267921,0.0120000001043081,0.00108161628052075,62.6925394895112,12.5380476823329
"Oromiya","1948","Arsi","3130","Bele Gesgar","18778","Oborso","39.389999000000003","6.141",3,"null","77.0",48,"77.0",65,"77.0",49,1530.56224873184,5.75156522317876,0.0120000001043081,0.00113207544200122,44.0530345137555,18.5003730168698
"Oromiya","1948","Bale","3132","Meda Welabu","18954","Oborso","39.4009967","6.1344590999999999",1,"0","77.0",48,"77.0",65,"77.0",49,1558.04246729272,6.30221353638743,0.0120000001043081,0.00113207544200122,30.7822376655146,17.2764677765934
"Oromiya","1948","W. Harerge","3189","Habro","18895","Oda Ananl","40.464100000000002","8.8180904000000009",3,"2009","96.0",28,"96.0",0,"96.0",0,1757.06177797917,7.82019526151645,0.0127090566757717,0.00170115806667808,61.8421476727454,4.64623388387801
"Oromiya","1948","West Wellega","3194","Mana Sibu","18949","Odora Tobera","34.965401","9.8265104000000001",3,"2009","107.0",75,"107.0",0,"107.0",0,1494.89255646355,7.0297059565268,0.0137547629851635,0.00778723190125618,122.220263350512,26.5938553059529
"Oromiya","1948","E. Wellega","3146","Gobu Seyo","18875","Ongobo Bekennisa","36.994098999999999","9.0855903999999992",3,"2009","110.0",61,"110.0",26,"110.0",1,1719.73436185445,4.58868295277201,0.0120000001043081,0.00113207544200122,58.670308679231,4.63129492872184
"Oromiya","1948","Illu Aba Bora","3155","Bilo Nopha","18787","Qachi","35.527698999999998","8.3530101999999999",3,"2009","98.0",46,"98.0",8,"98.0",0,1667.41895444435,0.975796401829389,0.0146430768578896,0.0104281645998661,80.3149522746132,12.7601708194468
"Oromiya","1948","Jimma","3159","Limu Seka","18946","Rayya","37.056899999999999","8.4420204000000005",3,"2009","95.0",44,"95.0",21,"95.0",0,1627.44245573756,5.51477491339005,0.0153753751015104,0.00750026582457056,31.8109558367319,5.27345500103197
"Amhara","1943","N. Gonder","3171","Gonder City Adm.","18602","Sanja","37.299999999999997","12.983333",3,"2013","384.0",42,"384.0",6,"384.0",1,1099.35556757571,1.16456038941225,0.0137424231124388,0.00672552956627542,15.1549032225035,3.97057990985613
"Amhara","1943","N. Gonder","3171","Gonder City Adm.","18602","Sanja Town","37.299999999999997","12.983333",3,"2013","385.0",143,"385.0",62,"385.0",3,1099.35556757571,1.16456038941225,0.0137424231124388,0.00672552956627542,15.1549032225035,3.97057990985613
"Oromiya","1948","E. Shewa","3144","Adama Town","18746","School in Addis Ababa","39.266700999999998","8.5500001999999995",3,"2005","50.0",3,"50.0",8,"50.0",1,1636.55709542655,9.02669715552441,0.0120000001043081,0.00090058378791298,4.50399862517502,0.323579532889035
"Benshangul-Gumuz","1944","Asosa","3131","Bambasi","18687","School in Addis Ababa","38.727981900000003","8.9963835000000003",2,"2005","49.0",15,"49.0",6,"49.0",0,2315.23218690868,1.773466262082,0.0120000001043081,0.00107142853084952,0,0
"Oromiya","1948","Borena","3135","Arero","18764","School in Addis Ababa","38.727981900000003","8.9963835000000003",2,"2005","50.0",0,"50.0",3,"50.0",1,2315.23218690868,1.773466262082,0.0120000001043081,0.00107142853084952,0,0
"Harari","1947","Harari","3154","Hakim","18732","School in Addis Ababa","42.116698999999997","9.3166703999999996",3,"2005","50.0",11,"50.0",11,"50.0",0,1927.42324277617,3.34634191318797,0.0120000001043081,0.000746627407071465,6.96902080107264,0.476366749607411
"Harari","1947","Harari","3154","Hakim","18732","School in Addis Ababa","42.116698999999997","9.3166703999999996",3,"2005","65.0",1,"65.0",2,"65.0",1,1927.42324277617,3.34634191318797,0.0120000001043081,0.000746627407071465,6.96902080107264,0.476366749607411
"Harari","1947","Harari","3154","Hakim","18732","School in Addis Ababa","42.116698999999997","9.3166703999999996",3,"2005","66.0",4,"66.0",1,"66.0",3,1927.42324277617,3.34634191318797,0.0120000001043081,0.000746627407071465,6.96902080107264,0.476366749607411
"Dir Dawa","1945","Dire Dawa","3141","Dire Dawa","18707","School in Adi Gudem","41.8566146","9.5815123",1,"2005","67.0",0,"67.0",3,"67.0",0,1230.92385411602,3.55041147182653,0.0120000001043081,0.00113207544200122,18.4506570343366,1.65146753359236
"Snnp","1950","Gurage","3152","Sodo Zuria","19242","School in Adigrat","39.460561200000001","14.278304",1,"2005","47.0",5,"47.0",26,"47.0",4,2469.32848965583,1.84408605852791,0.0120000001043081,0.000846788554357323,5.67620036270919,0.416256326376003
"Oromiya","1948","Guji","3151","Adola","18750","School in Adigrat","39.460561200000001","14.278304",1,"2005","50.0",3,"50.0",5,"50.0",1,2469.32848965583,1.84408605852791,0.0120000001043081,0.000846788554357323,5.67620036270919,0.416256326376003
"Tigray","1951","Nw Tigray","3176","Tselemti","19324","School in Adigrat","39.470267399999997","14.2710308",1,"2005","50.0",11,"50.0",3,"50.0",0,2435.29990724604,0.881197052232114,0.0120000001043081,0.000958799255767183,13.879980262849,1.00289259124577
"Harari","1947","Harari","3154","Hakim","18732","School in Adigrat","39.460561200000001","14.278304",1,"2005","68.0",0,"68.0",0,"68.0",0,2469.32848965583,1.84408605852791,0.0120000001043081,0.000846788554357323,5.67620036270919,0.416256326376003
"Amhara","1943","West Gojam","3193","Mecha","18633","School in Adwa","38.893717600000002","14.1636465",1,"2005","49.0",7,"49.0",13,"49.0",3,1903.5508432129,7.35314737407863,0.0120000001043081,0.00107142853084952,7.46119804588923,0.696946015419457
"Tigray","1951","S. Tigray","3179","Alamata Town","19280","School in Aksum","38.762667800000003","14.134407100000001",1,"2005","50.0",0,"50.0",17,"50.0",0,2127.01412149859,7.58226715659903,0.0139496747248069,0.00401134060935724,54.3553859681464,5.09110321554737
"Amhara","1943","N. Gonder","3171","Gonder City Adm.","18602","School in Alamata","38.466701999999998","11.7333",3,"2005","49.0",1,"49.0",9,"49.0",2,3090.18231956805,2.97422115048105,0.0120000001043081,0.000834561113693006,60.7184028514582,7.97053173808896
"Amhara","1943","S. Gonder","3178","Lay Gayint","18628","School in Alamata","39.5536782","12.41967",1,"2005","49.0",1,"49.0",9,"49.0",2,1615.06937337805,11.305925711084,0.0120000001043081,0.000750000006519258,13.5688290252727,0.863433252779865
"Snnp","1950","Sidama","3184","Hawasa Town","19198","School in Arero","38.466701999999998","7.0500002000000004",3,"2005","49.0",1,"49.0",28,"49.0",15,1696.06103229059,17.5806825323907,0.0120000001043081,0.000653348716130411,9.95977089020922,0.544757747718172
"Tigray","1951","Nw Tigray","3176","Tahtay Koraro","19319","School in Awassa","38.484402699999997","7.0803218000000001",1,"2005","50.0",0,"50.0",2,"50.0",3,1694.38635865028,15.2705609097668,0.0120000001043081,0.000783073799262578,42.8203501928119,2.39954334647398
"Oromiya","1948","E. Harerge","3143","Fedis","18850","School in Bahir Dar","37.414360600000002","11.5820144",1,"2005","50.0",10,"50.0",17,"50.0",3,1810.79982952043,0.554901268322188,0.0120000001043081,0.00113207544200122,66.1831251341327,4.46343033678053
"Snnp","1950","Gurage","3152","Sodo Zuria","19242","School in Bahir Dar","37.361353299999998","11.5742086",1,"2005","50.0",15,"50.0",5,"50.0",1,1815.71763844158,4.51167240261434,0.0120000001043081,0.00117703128712205,35.6360912214302,2.93058637353593
"Dir Dawa","1945","Dire Dawa","3141","Dire Dawa","18707","School in Bako Tibe","41.866698999999997","9.5833300000000001",3,"2005","66.0",0,"66.0",5,"66.0",1,1243.41087625767,2.62215770444651,0.0120000001043081,0.000742212065688864,11.3812509535721,0.859966461823139
"Oromiya","1948","Borena","3135","Teltale","19017","School in Bati","42.044159399999998","9.4201704999999993",1,"2005","49.0",1,"49.0",3,"49.0",0,2046.50905214197,6.40177187426758,0.0120000001043081,0.00108226144022489,39.0309750506734,3.62181633390207
"Dir Dawa","1945","Dire Dawa","3141","Dire Dawa","18707","School in Bedeno","41.8566146","9.5815123",1,"2005","44.0",0,"44.0",1,"44.0",1,1230.92385411602,3.55041147182653,0.0120000001043081,0.00113207544200122,18.4506570343366,1.65146753359236
"Snnp","1950","Hadiya","3153","Limu (SNNP)","19216","School in Bonga","36.246812800000001","7.2671900999999997",1,"2005","44.0",1,"44.0",10,"44.0",0,1687.9594646117,1.14371091533801,0.020239641254477,0.0113761553716321,9.27300620829926,5.18836509122598
"Dir Dawa","1945","Dire Dawa","3141","Dire Dawa","18707","School in Bore","41.850141999999998","9.6008747000000003",1,"2005","68.0",0,"68.0",0,"68.0",2,1185.86529872213,2.85669069921388,0.0120000001043081,0.00107142853084952,10.2934197643943,1.00353789355709
"Dir Dawa","1945","Dire Dawa","3141","Dire Dawa","18707","School in Butajira","41.866698999999997","9.5833300000000001",3,"2005","66.0",0,"66.0",1,"66.0",2,1243.41087625767,2.62215770444651,0.0120000001043081,0.000742212065688864,11.3812509535721,0.859966461823139
"Dir Dawa","1945","Dire Dawa","3141","Dire Dawa","18707","School in Darro Lebu","41.850141999999998","9.6008747000000003",1,"2005","68.0",0,"68.0",1,"68.0",1,1185.86529872213,2.85669069921388,0.0120000001043081,0.00107142853084952,10.2934197643943,1.00353789355709
"Oromiya","1948","E. Shewa","3144","Adama Town","18746","School in Debrebrihan","39.521361800000001","9.6568422999999992",2,"2005","49.0",0,"49.0",0,"49.0",0,2776.29988163513,0.36429258746013,0.0120000001043081,0.00150613961986519,20.4564765424883,1.68504230504176
"Oromiya","1948","Guji","3151","Liben","18945","School in Dire Dawa","41.877592200000002","9.5927862000000008",1,"2005","50.0",15,"50.0",34,"50.0",19,1242.19875033,1.03517110713126,0.0120000001043081,0.000663930486633644,20.5823502892695,1.55103336739849
"Oromiya","1948","Guji","3151","Liben","18945","School in Dire Dawa","41.877592200000002","9.5927862000000008",1,"2005","50.0",1,"50.0",7,"50.0",3,1242.19875033,1.03517110713126,0.0120000001043081,0.000663930486633644,20.5823502892695,1.55103336739849
"Amhara","1943","N. Gonder","3171","Gonder City Adm.","18602","School in Dire Dawa","37.25","12.424200000000001",3,"2005","50.0",2,"50.0",6,"50.0",3,1951.21304071992,6.01044399350745,0.0167390030325346,0.0167390030325346,66.1925187092365,33.5535791076418
"Amhara","1943","N. Gonder","3171","Gonder City Adm.","18602","School in Dire Dawa","37.25","12.424200000000001",3,"2005","50.0",2,"50.0",1,"50.0",0,1951.21304071992,6.01044399350745,0.0167390030325346,0.0167390030325346,66.1925187092365,33.5535791076418
"Amhara","1943","N. Gonder","3171","Tach Armacho","18665","School in Dire Dawa","37.044201000000001","12.9842",3,"2005","50.0",2,"50.0",1,"50.0",0,1158.95989823588,1.36353839692619,0.01701876885439,0.01701876885439,126.760260981096,101.154472092693
"Oromiya","1948","Guji","3151","Liben","18945","School in Dodolla","39.180374100000002","6.9791945000000002",1,"2005","50.0",1,"50.0",5,"50.0",1,2469.71517932433,2.20136183053256,0.0120000001043081,0.00108920757551047,17.0675852763034,1.61151660250544
"Amhara","1943","E. Gojam","3142","Baso Liben","18550","School in Enticho","39.151766500000001","14.2790283",1,"2005","50.0",0,"50.0",11,"50.0",0,1984.45046042942,5.63210977797737,0.0135726302349849,0.00439139700535668,38.6361589569876,11.8166631756672
"Amhara","1943","N. Gonder","3171","Gonder City Adm.","18602","School in Fitche","38.016700999999998","11.85",3,"2005","50.0",0,"50.0",12,"50.0",4,2682.16106487931,7.85843585354534,0.0120000001043081,0.000773146958017906,7.34371563500871,0.509900841365268
"Amhara","1943","Awi","3126","Guagusa Shikudad","18606","School in Gambella","34.1531947","7.9219686999999999",1,"2005","50.0",2,"50.0",22,"50.0",9,427.29859522755,8.17636006943745,0.012679449368658,0.012679449368658,201.692655695253,97.658826214224
"Oromiya","1948","Borena","3135","Teltale","19017","School in Gambella","34.1531947","7.9219686999999999",1,"2005","49.0",0,"49.0",11,"49.0",1,427.29859522755,8.17636006943745,0.012679449368658,0.012679449368658,201.692655695253,97.658826214224
"Oromiya","1948","Guji","3151","Liben","18945","School in Harar","39.583302000000003","5.3166698999999999",3,"2005","50.0",1,"50.0",23,"50.0",2,1553.5021045566,7.26369931555786,0.0120000001043081,0.00106418471900752,30.1277834649915,2.78555543322674
"Amhara","1943","S. Wello","3180","Were Ilu","18683","School in Harar","39.409999999999997","10.5",3,"2005","47.0",8,"47.0",14,"47.0",1,2657.34768108022,6.91086873802426,0.0251633483781167,0.0244102829880783,68.7689762952633,24.5725562963446
"Amhara","1943","N. Gonder","3171","Gonder City Adm.","18602","School in Harar","37.623900999999996","12.7689",3,"2005","50.0",0,"50.0",25,"50.0",1,2938.31710696994,1.64287216760188,0.0120000001043081,0.000817586440498814,5.63867435223409,0.409674444271652
"Dir Dawa","1945","Dire Dawa","3141","Dire Dawa","18707","School in Hossana","41.866698999999997","9.5833300000000001",3,"2005","68.0",2,"68.0",5,"68.0",1,1243.41087625767,2.62215770444651,0.0120000001043081,0.000742212065688864,11.3812509535721,0.859966461823139
"Dir Dawa","1945","Dire Dawa","3141","Dire Dawa","18707","School in Jijiga","41.8566146","9.5815123",1,"2005","49.0",0,"49.0",12,"49.0",3,1230.92385411602,3.55041147182653,0.0120000001043081,0.00113207544200122,18.4506570343366,1.65146753359236
"Amhara","1943","N. Gonder","3171","Gonder City Adm.","18602","School in Kemashi","36.700001","12.933299999999999",3,"2005","50.0",6,"50.0",1,"50.0",0,1164.77251888187,4.41901123239251,0.0176176417118354,0.0176176417118354,114.690873589519,99.2898982232024
"Dir Dawa","1945","Dire Dawa","3141","Dire Dawa","18707","School in Kemissie","41.8566146","9.5815123",1,"2005","50.0",0,"50.0",7,"50.0",3,1230.92385411602,3.55041147182653,0.0120000001043081,0.00113207544200122,18.4506570343366,1.65146753359236
"Harari","1947","Harari","3154","Hakim","18732","School in Konso","37.438789399999997","5.3404492000000001",1,"2005","67.0",2,"67.0",1,"67.0",0,1447.10374522366,4.70179770657563,0.0120000001043081,0.00107142853084952,5.19631586625999,0.468649262237792
"Somali","1949","Jigjiga","3158","Jigjiga City","19090","School in Lemmen","42.799999","9.3500004000000008",3,"2005","46.0",0,"46.0",1,"46.0",1,1642.54221336239,0.461774159555119,0.0120000001043081,0.000882114929083328,8.18472343752695,0.626981770726542
"Snnp","1950","Bench Maji","3134","Mizan Aman Town","19233","School in Masha","35.480931400000003","7.7306337999999997",1,"2005","49.0",0,"49.0",8,"49.0",6,2274.49697284544,5.59442081112205,0.0354593611710997,0.0299672669027397,16.1342962355055,13.7907864215024
"Amhara","1943","S. Wello","3180","Wegde","18682","School in Mersa","39.659557599999999","11.6649572",1,"2005","50.0",0,"50.0",32,"50.0",1,1620.3149357591,0.602317011718273,0.0120000001043081,0.000984852709291122,25.0077607469074,1.94139838188438
"Amhara","1943","S. Wello","3180","Delanta","18580","School in Miti","39.150002000000001","11.5",3,"2005","50.0",7,"50.0",30,"50.0",0,2265.27865395703,2.01499903357345,0.0558974268302995,0.0558974268302995,151.854255573477,152.491339387727
"Snnp","1950","Gedio","3149","Wenago","19265","School in Mizan Teferi","35.5821994","6.9936467999999996",1,"2005","44.0",16,"44.0",25,"44.0",4,1407.94436341132,3.195072541617,0.0120000001043081,0.00117465250759712,15.3070382789776,1.48229418315258
"Somali","1949","Jigjiga","3158","Jigjiga City","19090","School in Nuunu Kumba","42.799999","9.3500004000000008",3,"2005","50.0",0,"50.0",2,"50.0",3,1642.54221336239,0.461774159555119,0.0120000001043081,0.000882114929083328,8.18472343752695,0.626981770726542
"Amhara","1943","N. Wello","3173","Habru","18610","School in Sanja","39.650002000000001","11.666700000000001",3,"2005","50.0",1,"50.0",13,"50.0",0,1688.85928053268,0.950783155594191,0.0303503464986139,0.0272474930121341,36.4086191896675,14.347930000296
"Tigray","1951","Nw Tigray","3176","Medebay Zana","19306","School in Selekleka","38.476123399999999","14.117905500000001",1,"2005","50.0",6,"50.0",2,"50.0",0,2024.25412876015,2.66116057498954,0.0120000001043081,0.000895635488933694,4.84394396408563,0.377063573135967
"Snnp","1950","Sidama","3184","Hawasa Town","19198","School in Snnpr","38.466701999999998","7.0500002000000004",3,"2005","31.0",4,"31.0",8,"31.0",3,1696.06103229059,17.5806825323907,0.0120000001043081,0.000653348716130411,9.95977089020922,0.544757747718172
"Snnp","1950","Gurage","3152","Sodo Zuria","19242","School in Sodo","37.750987000000002","6.8309977999999996",1,"2005","44.0",5,"44.0",0,"44.0",0,1870.75665718443,2.88849736624853,0.0120000001043081,0.00117936105428667,40.2683901465995,3.72698762998162
"Afar","1942","Awssii Rasu","26089","Asayita","18506","School in Sodo","41.439399999999999","11.563599999999999",3,"2005","59.0",0,"59.0",0,"59.0",0,363.389892032987,0.601224000709409,0.0120000001043081,0.000674603505785621,13.3037277550507,0.76831317899084
"Amhara","1943","N. Gonder","3171","Gonder City Adm.","18602","School in Teltele","37.950001","11.25",3,"2005","49.0",12,"49.0",4,"49.0",2,2181.89764317769,4.06770119895285,0.0408761069454207,0.035703951835122,29.459419920882,17.2245771544609
"Somali","1949","Jigjiga","3158","Jigjiga City","19090","School in Tembien","42.799999","9.3500004000000008",3,"2005","50.0",0,"50.0",0,"50.0",0,1642.54221336239,0.461774159555119,0.0120000001043081,0.000882114929083328,8.18472343752695,0.626981770726542
"Dir Dawa","1945","Dire Dawa","3141","Dire Dawa","18707","School in Yejube","41.8566146","9.5815123",1,"2005","50.0",1,"50.0",4,"50.0",3,1230.92385411602,3.55041147182653,0.0120000001043081,0.00113207544200122,18.4506570343366,1.65146753359236
"Oromiya","1948","Arsi","3130","Bele Gesgar","18778","School in Yirgalem","39.783298000000002","7.0999999999999996",3,"2005","49.0",1,"49.0",5,"49.0",1,3145.12520086807,2.10185184028542,0.0120000001043081,0.00118347930667393,11.5000984188815,1.10897057740403
"Amhara","1943","N. Gonder","3171","Gonder City Adm.","18602","Selam","37.630000000000003","12.264722000000001",3,"2013","0.0",0,"null",201,"0.0",0,2018.40594876737,1.5749987263656,0.0120000001043081,0.000994462319467188,140.988445892272,11.8196690684487
"Amhara","1943","N. Gonder","3171","Gonder Zuria","18603","Selam","37.630001","12.264722000000001",3,"2013","0.0",0,"1844.0",201,"0.0",0,2018.40594876737,1.57489863355658,0.0120000001043081,0.000994462319467188,140.988445892272,11.8196690684487
"Oromiya","1948","Jimma","3159","Seka Chekorsa","18995","Sentema Goro","36.672901000000003","7.7163900999999999",3,"2009","104.0",21,"104.0",59,"104.0",56,2454.01671921934,2.53670929982918,0.0120000001043081,0.00107509682636621,81.8024150743797,9.17578537849037
"Amhara","1943","N. Gonder","3171","Gonder City Adm.","18602","Serako","37.066001999999997","12.286",3,"null","118.0",41,"118.0",27,"118.0",23,1833.18808704143,0.738682112598486,0.0295469863574711,0.0295469863574711,72.7740901973447,52.9002473000479
"Amhara","1943","N. Gonder","3171","Takusa","18666","Serako","37.066001999999997","12.286",3,"0","118.0",41,"118.0",27,"118.0",23,1833.18808704143,0.738682112598486,0.0295469863574711,0.0295469863574711,72.7740901973447,52.9002473000479
"Oromiya","1948","Kelem Wellega","3164","Anfilo","18763","Shebel Fana","34.588799000000002","8.4789800999999994",3,"2009","105.0",6,"105.0",42,"105.0",34,1485.69729418125,2.00437559232038,0.0120000001043081,0.00121650999295581,4.53360777175646,0.483038182975729
"Amhara","1943","S. Gonder","3178","Dera (Amhara)","18583","Shime Mariam","38.399999999999999","8.3309569999999997",1,"1995","120.0",33,"120.0",36,"120.0",21,2970.22168964835,1.64897072778271,0.0199232033721028,0.0116511234169907,22.9767133986967,6.12040375676483
"Amhara","1943","N. Gonder","3171","Gonder City Adm.","18602","Shime Mariam","37.617001000000002","11.551",3,"1995","120.0",33,"120.0",36,"120.0",21,2029.15629637076,7.62369582631951,0.0371902786263589,0.0371902786263589,75.5819121237555,76.0034304256175
"Oromiya","1948","Horo Guduru","16644","Jarte Jardega","18913","Sobokumi","37.095100000000002","9.9101496000000004",3,"2009","109.0",46,"109.0",12,"109.0",0,2353.15555127008,2.61188863571564,0.0131312981425929,0.00455808022804977,62.3671232164799,7.87864412639623
"Oromiya","1948","West Wellega","3194","Nedjo Rural","18971","Sonbo Guta","35.5107","9.6233901999999993",3,"2009","110.0",11,"110.0",4,"110.0",0,1931.93955767262,8.37405893384084,0.029102574374204,0.029102574374204,126.737034346052,57.9291918619301
"Amhara","1943","N. Gonder","3171","Gonder City Adm.","18602","Sufankara","37.382998999999998","12.384",3,"1995","115.0",35,"115.0",64,"115.0",11,1805.33578961129,0.532385302936333,0.0238459926747837,0.0238459926747837,98.5719301434747,80.19074407485
"Gambela","1946","Agnua Ii","3127","Gambela Zuria","18717","Suli","35.027099999999997","8.1959",3,"2009","103.0",55,"103.0",17,"103.0",3,904.558467662347,0.587857186913585,0.0175061073189518,0.0175061073189518,197.805132133057,134.735560777574
"Oromiya","1948","Guji","3151","Uraga","19023","Tabe Haro Wato","38.611598999999998","6.0331501999999997",3,"2009","101.0",51,"101.0",54,"101.0",8,2227.03765951187,1.82220016555341,0.018750819763975,0.0112262324883318,61.0281423404634,10.050651401406
"Amhara","1943","N. Gonder","3171","Gonder City Adm.","18602","Tabor","38.009998000000003","11.853999999999999",3,"1995","126.0",20,"126.0",38,"126.0",3,2682.16106487931,8.06844083928739,0.0120000001043081,0.00078302272645492,1.0659321600424,0.0822177756352972
"Oromiya","1948","Guji","3151","Uraga","19023","Tebe Haro Wato","38.611598999999998","6.0331501999999997",3,"2009","108.0",54,"108.0",56,"108.0",9,2227.03765951187,1.82220016555341,0.018750819763975,0.0112262324883318,61.0281423404634,10.050651401406
"Amhara","1943","N. Gonder","3171","Gonder City Adm.","18602","Telma","37.766700999999998","13.066700000000001",3,"null","100.0",0,"0.0",0,"0.0",0,1795.07437392842,0.793172508518215,0.0361897789798332,0.0361897789798332,84.2341514445859,54.1108907768297
"Amhara","1943","N. Gonder","3171","Dabat","18566","Telma","37.766700999999998","13.066700000000001",3,"0","100.0",0,"0.0",0,"0.0",0,1795.07437392842,0.793172508518215,0.0361897789798332,0.0361897789798332,84.2341514445859,54.1108907768297
"Amhara","1943","N. Gonder","3171","Gonder City Adm.","18602","Tikil Dingaye","37.049999","12.984",3,"null","101.0",42,"0.0",0,"0.0",0,1117.71247363632,0.728604228250553,0.01701876885439,0.01701876885439,126.760260981096,101.154472092693
"Amhara","1943","N. Gonder","3171","Tach Armacho","18665","Tikil Dingaye","37.049999","12.984",3,"0","101.0",42,"0.0",0,"0.0",0,1117.71247363632,0.728604228250553,0.01701876885439,0.01701876885439,126.760260981096,101.154472092693
"Amhara","1943","Awi","3126","Guagusa Shikudad","18606","Tilili","37.021245999999998","10.8512009",1,"0","150.0",2,"0.0",0,"0.0",0,2431.4408384929,0.579087394540273,0.0120000001043081,0.000866262560123326,8.22744010862347,0.596769261052001
"Oromiya","1948","West Arsi","3689","Shashemene Zuria","19004","Toga","38.525500999999998","7.1648101999999998",3,"2009","97.0",0,"97.0",24,"97.0",19,1807.9540114943,12.3125701888831,0.0122515918731337,0.00193262016646431,15.7154700204996,1.54998550333754
"Oromiya","1948","Arsi","3130","Sire","19011","Ufara Agemesa","39.513900999999997","8.34863",3,"2009","107.0",0,"107.0",1,"107.0",0,1688.87918512714,6.43644195192344,0.0132427675309787,0.00311053796461382,30.6031194782069,3.82103267543181
"Oromiya","1948","Jimma","3159","Omo Nada","18983","Waktola","37.219298999999999","7.7476801999999996",3,"2009","83.0",20,"83.0",13,"83.0",3,1748.47438139645,2.58351532882445,0.0120000001043081,0.00115930582595373,18.7893206347154,1.73043859677911
"Oromiya","1948","W. Harerge","3189","Chiro Zuria","18805","Wedeyiti","40.881999999999998","9.1064301000000007",3,"2009","110.0",0,"110.0",0,"110.0",0,1832.30013730156,1.95747558002042,0.0175238491344196,0.00908457861852761,62.3262286797659,8.57726302607688
"Amhara","1943","N. Gonder","3171","Gonder City Adm.","18602","Wereta","37.696998999999998","11.917",3,"1995","120.0",10,"120.0",24,"120.0",18,1812.94430550132,6.93065086109005,0.0130695449383563,0.00263585963023801,8.20088932364247,1.48512400311646
"Amhara","1943","West Gojam","3193","Debub Achefer","18658","Wetet Abay","37.209374599999997","11.309739199999999",1,"0","150.0",44,"0.0",0,"0.0",0,2065.96135584572,0.221438969211039,0.0120000001043081,0.00113207544200122,8.90387191194277,0.852300591389211
"Snnp","1950","South Omo","3186","Bena Tsemay","19138","Woito","36.990369800000003","5.3731739000000003",1,"1993","146.0",45,"146.0",1,"146.0",8,567.444807442015,5.81420176445264,0.0120000001043081,0.000764345165077134,18.9382587949737,1.10566674287553
"Snnp","1950","Sidama","3184","Wondo-Genet","19266","Wondo- Genet","38.618895500000001","7.0841684000000003",1,"1999","0.0",0,"300.0",248,"300.0",257,1758.95332351419,17.4196119274297,0.0120000001043081,0.000989977034961822,11.3774545041397,0.831126851830766
"Snnp","1950","Sidama","3184","Hawasa Town","19198","Wondo- Genet","38.618895500000001","7.0841684000000003",1,"2000","0.0",0,"1160.0",892,"1160.0",1021,1758.95332351419,17.4196119274297,0.0120000001043081,0.000989977034961822,11.3774545041397,0.831126851830766
"Snnp","1950","Sidama","3184","Wondo-Genet","19266","Wondo Genet Forestry","38.618895500000001","7.0841684000000003",1,"1999","0.0",0,"149.0",100,"149.0",129,1758.95332351419,17.4196119274297,0.0120000001043081,0.000989977034961822,11.3774545041397,0.831126851830766
"Oromiya","1948","Arsi","3130","Bele Gesgar","18778","Yadot Primary School","39.850195999999997","6.4121050000000004",3,"2013","340.0",2,"340.0",16,"340.0",7,1249.12975420701,1.48904960404344,0.0120000001043081,0.000910694584285474,127.230812904127,9.17687333717428
"Amhara","1943","N. Gonder","3171","Gonder City Adm.","18602","Yefag","37.716000000000001","12.085000000000001",3,"1995","57.0",13,"57.0",22,"57.0",2,1881.47838902907,4.11597734602103,0.0120000001043081,0.00113207544200122,29.1919015375677,2.77190431077761
"Amhara","1943","N. Gonder","3171","Gonder City Adm.","18602","Zarema","37.881999999999998","13.334",3,"null","145.0",47,"0.0",0,"0.0",0,1371.47994558155,0.334414260799551,0.014588426145114,0.00613744675987543,10.3061234598909,3.14463446449784
"Amhara","1943","N. Gonder","3171","Gonder City Adm.","18602","Zarema","37.881999999999998","13.334",3,"1995","90.0",5,"90.0",25,"90.0",0,1371.47994558155,0.334414260799551,0.014588426145114,0.00613744675987543,10.3061234598909,3.14463446449784
"Amhara","1943","N. Gonder","3171","Addi Arekay","18533","Zarema","37.881734000000002","13.339907",1,"0","145.0",47,"0.0",0,"0.0",0,1281.8324833883,0.223954282761058,0.0120000001043081,0.00139640070349366,12.0352911767873,1.19497440396409
"Amhara","1943","N. Gonder","3171","Addi Arekay","18533","Zarima","37.881734000000002","13.339907",1,"2009","319.0",61,"319.0",70,"319.0",8,1281.8324833883,0.223954282761058,0.0120000001043081,0.00139640070349366,12.0352911767873,1.19497440396409
"Amhara","1943","N. Gonder","3171","Gonder City Adm.","18602","Zarima","37.886391000000003","13.350833",3,"2009","319.0",61,"319.0",70,"319.0",8,1363.17428495386,1.52341242246319,0.0173629542036786,0.0146633159960201,24.2711284016813,8.5205548128056
"Amhara","1943","West Gojam","3193","Bahirdar Zuria","18547","Zeghie","37.3333333","11.699999999999999",2,"1991","160.0",10,"160.0",97,"160.0",80,1906.99407878695,10.5715628461661,0.0120000001043081,0.00150000001303852,52.20280707697,12.0971029478534
"Amhara","1943","West Gojam","3193","Bahirdar Zuria","18547","Zeghie Junior","37.3333333","11.699999999999999",2,"1991","300.0",4,"300.0",233,"300.0",194,1906.99407878695,10.5715628461661,0.0120000001043081,0.00150000001303852,52.20280707697,12.0971029478534
"Amhara","1943","N. Gonder","3171","Gonder City Adm.","18602","Zengaj","37.499001","12.369",3,"1995","112.0",30,"112.0",45,"112.0",30,1829.98019589086,0.198040634751042,0.0121081213801672,0.00130697731889181,22.854815123762,2.27345069381773
